year_semester,provider,complaint_category,network_type,solved_10days_perc,resolution_time_50th_pcntl,resolution_time_95th_pcntl
2022 A,OTE,αμφισβήτηση πώλησης,1,76.94,3.11,48.02
2022 A,OTE,γενικού περιεχομένου,1,82.86,0.0,32.9
2022 A,OTE,ελλιπής ενημέρωση,1,82.52,2.02,34.06
2022 A,OTE,καθυστέρηση αποκατάστασης βλάβης,1,89.91,0.0,66.61
2022 A,OTE,καθυστέρηση επανασύνδεσης,1,99.64,0.0,0.01
2022 A,OTE,λοιπές καθυστερήσεις,1,79.08,0.99,58.57
2022 A,OTE,παράπονα λογαριασμών (μη έκδοση/παραλαβή/πληρωμή),1,63.41,5.16,166.01
2022 A,OTE,ποιότητα διαδικτύου,1,81.26,0.0,106.2
2022 A,OTE,ποιότητα τηλεφωνίας,1,86.92,0.4,41.05
2022 A,OTE,χρεώσεις,1,96.61,0.0,4.11
2022 A,Cosmote,αμφισβήτηση πώλησης,2,74.78,1.15,70.77
2022 A,Cosmote,γενικού περιεχομένου,2,88.85,0.0,27.39
2022 A,Cosmote,ελλιπής ενημέρωση,2,83.54,0.0,34.09
2022 A,Cosmote,καθυστέρηση αποκατάστασης βλάβης,2,85.71,0.0,26.0
2022 A,Cosmote,καθυστέρηση επανασύνδεσης,2,99.24,0.0,2.5
2022 A,Cosmote,καρτοκινητή (αδυναμία ανανέωσης/δυσδιακριτες καρτες),2,99.51,0.0,0.55
2022 A,Cosmote,λοιπές καθυστερήσεις,2,70.61,3.73,73.09
2022 A,Cosmote,παράπονα λογαριασμών (μη έκδοση/παραλαβή/πληρωμή),2,81.46,0.0,155.61
2022 A,Cosmote,ποιότητα διαδικτύου,2,92.78,1.96,12.0
2022 A,Cosmote,ποιότητα τηλεφωνίας,2,92.51,1.11,12.84
2022 A,Cosmote,χρεώσεις,2,86.76,2.88,15.73
2022 A,Nova,λοιπά παράπονα,1,93.91,3.0,11.0
2022 A,Nova,αμφισβήτηση πώλησης,1,97.73,2.0,9.0
2022 A,Nova,ελλιπής ενημέρωση,1,94.12,2.0,10.0
2022 A,Nova,καθυστέρηση αποκατάστασης βλάβης,1,95.91,3.0,10.0
2022 A,Nova,λοιπές καθυστερήσεις,1,94.81,2.0,10.0
2022 A,Nova,ποιότητα διαδικτύου,1,100.0,3.0,6.0
2022 A,Nova,χρεώσεις,1,95.91,2.0,10.0
2022 A,Vodafone,αμφισβήτηση πώλησης,1,98.51,1.19,6.47
2022 A,Vodafone,αμφισβήτηση πώλησης,2,98.41,0.04,6.96
2022 A,Vodafone,γενικού περιεχομένου,2,94.43,5.94,11.89
2022 A,Vodafone,ελλιπής ενημέρωση,1,98.69,0.0,5.06
2022 A,Vodafone,ελλιπής ενημέρωση,2,97.68,0.19,8.66
2022 A,Vodafone,καθυστέρηση αποκατάστασης βλάβης,1,,,
2022 A,Vodafone,ποιότητα διαδικτύου,1,,,
2022 A,Vodafone,ποιότητα τηλεφωνίας,1,,,
2022 A,Vodafone,λοιπές καθυστερήσεις,1,58.65,7.12,33.57
2022 A,Vodafone,λοιπές καθυστερήσεις,2,87.5,0.03,16.06
2022 A,Vodafone,χρεώσεις,1,97.9,0.06,5.67
2022 A,Vodafone,χρεώσεις,2,99.42,0.0,3.92
2022 A,Wind,χρεώσεις,0,96.15,1.46,7.78
2022 A,Wind,χρεώσεις,1,92.29,1.84,12.31
2022 A,Wind,χρεώσεις,2,89.53,2.13,14.03
2022 A,Wind,αμφισβήτηση πώλησης,0,89.01,3.14,15.14
2022 A,Wind,αμφισβήτηση πώλησης,1,85.61,4.99,11.84
2022 A,Wind,αμφισβήτηση πώλησης,2,91.09,1.95,13.39
2022 A,Wind,ποιότητα διαδικτύου,1,97.62,0.0,5.92
2022 A,Wind,ποιότητα διαδικτύου,2,87.5,0.0,14.99
2022 A,Wind,ποιότητα τηλεφωνίας,1,90.91,2.24,27.04
2022 A,Wind,ποιότητα τηλεφωνίας,2,100.0,0.0,0.0
2022 A,Wind,λοιπές καθυστερήσεις,1,100.0,1.92,2.9
2022 A,Wind,καθυστέρηση επανασύνδεσης,0,100.0,0.0,7.68
2022 A,Wind,καθυστέρηση επανασύνδεσης,1,100.0,4.21,4.21
2022 A,Wind,καθυστέρηση επανασύνδεσης,2,100.0,0.0,6.03
2022 A,Wind,καθυστέρηση αποκατάστασης βλάβης,0,100.0,3.98,3.98
2022 A,Wind,καθυστέρηση αποκατάστασης βλάβης,1,88.89,0.0,219.06
2022 A,Wind,καθυστέρηση αποκατάστασης βλάβης,2,100.0,0.0,0.0
2023 A,Nova,χρεώσεις,0,98.33,1.81,6.78
2023 A,Nova,χρεώσεις,1,95.19,2.0,9.87
2023 A,Nova,χρεώσεις,2,94.18,1.74,11.08
2023 A,Nova,αμφισβήτηση πώλησης,0,81.41,3.03,18.16
2023 A,Nova,αμφισβήτηση πώλησης,1,62.06,7.88,21.06
2023 A,Nova,αμφισβήτηση πώλησης,2,86.05,2.01,16.06
2023 A,Nova,ποιότητα διαδικτύου,1,95.56,0.0,6.93
2023 A,Nova,ποιότητα διαδικτύου,2,100.0,0.0,0.0
2023 A,Nova,ποιότητα τηλεφωνίας,0,100.0,0.0,0.0
2023 A,Nova,ποιότητα τηλεφωνίας,1,75.0,0.0,29.7
2023 A,Nova,ποιότητα τηλεφωνίας,2,100.0,0.0,7.12
2023 A,Nova,καθυστέρηση επανασύνδεσης,1,100.0,0.0,0.16
2023 A,Nova,καθυστέρηση επανασύνδεσης,2,100.0,0.0,0.0
2023 A,Nova,καθυστέρηση αποκατάστασης βλάβης,0,100.0,0.0,0.0
2023 A,Nova,καθυστέρηση αποκατάστασης βλάβης,1,99.59,0.0,0.0
2023 A,Nova,καθυστέρηση αποκατάστασης βλάβης,2,99.96,0.0,0.0
2023 A,Cosmote,αμφισβήτηση πώλησης,2,73.2,0.95,116.1
2023 A,Cosmote,γενικού περιεχομένου,2,91.86,0.0,15.38
2023 A,Cosmote,ελλιπής ενημέρωση,2,86.73,0.0,45.75
2023 A,Cosmote,καθυστέρηση αποκατάστασης βλάβης,2,89.66,0.0,28.0
2023 A,Cosmote,καθυστέρηση επανασύνδεσης,2,99.47,0.0,1.64
2023 A,Cosmote,καρτοκινητή (αδυναμία ανανέωσης/δυσδιάκριτες κάρτες),2,99.65,0.0,0.34
2023 A,Cosmote,λοιπές καθυστερήσεις,2,76.26,1.07,65.06
2023 A,Cosmote,παράπονα λογαριασμών (μη έκδοση/παραλαβή/πληρωμή),2,82.71,0.0,148.97
2023 A,Cosmote,ποιότητα διαδικτύου,2,87.68,4.03,29.73
2023 A,Cosmote,ποιότητα τηλεφωνίας,2,92.59,2.06,12.23
2023 A,Cosmote,χρεώσεις,2,88.33,0.95,13.2
2023 A,OTE,αμφισβήτηση πώλησης,1,55.9,7.98,142.16
2023 A,OTE,γενικού περιεχομένου,1,86.59,0.0,25.11
2023 A,OTE,ελλιπής ενημέρωση,1,69.68,2.98,63.26
2023 A,OTE,καθυστέρηση αποκατάστασης βλάβης,1,87.17,0.0,54.01
2023 A,OTE,καθυστέρηση επανασύνδεσης,1,99.0,0.0,0.04
2023 A,OTE,λοιπές καθυστερήσεις,1,67.6,2.97,60.66
2023 A,OTE,παράπονα λογαριασμών (μη έκδοση/παραλαβή/πληρωμή),1,74.96,2.0,61.81
2023 A,OTE,ποιότητα διαδικτύου,1,78.32,1.0,51.95
2023 A,OTE,ποιότητα τηλεφωνίας,1,73.81,0.93,73.21
2023 A,OTE,χρεώσεις,1,97.11,0.0,4.04
2023 A,Vodafone,αμφισβήτηση πώλησης,1,97.82,1.34,6.96
2023 A,Vodafone,αμφισβήτηση πώλησης,2,95.43,0.09,9.95
2023 A,Vodafone,γενικού περιεχομένου,2,93.45,0.1,16.82
2023 A,Vodafone,ελλιπής ενημέρωση,1,97.2,0.0,6.76
2023 A,Vodafone,ελλιπής ενημέρωση,2,92.01,0.23,17.09
2023 A,Vodafone,λοιπές καθυστερήσεις,1,70.76,6.19,21.54
2023 A,Vodafone,λοιπές καθυστερήσεις,2,80.67,0.19,20.72
2023 A,Vodafone,ποιότητα διαδικτύου,1,100.0,0.0,4.08
2023 A,Vodafone,ποιότητα διαδικτύου,2,97.47,0.0,7.2
2023 A,Vodafone,ποιότητα τηλεφωνίας,2,88.55,2.47,17.05
2023 A,Vodafone,χρεώσεις,1,98.43,0.0,5.87
2023 A,Vodafone,χρεώσεις,2,97.79,0.0,5.91
2024 A,Nova,χρεώσεις,0,99.4,0.78,4.69
2024 A,Nova,χρεώσεις,1,98.69,0.81,5.16
2024 A,Nova,χρεώσεις,2,98.27,0.84,6.07
2024 A,Nova,αμφισβήτηση πώλησης,0,97.36,1.86,7.92
2024 A,Nova,αμφισβήτηση πώλησης,1,96.59,1.87,8.18
2024 A,Nova,αμφισβήτηση πώλησης,2,97.62,1.0,7.16
2024 A,Nova,ποιότητα διαδικτύου,0,100.0,0.0,0.0
2024 A,Nova,ποιότητα διαδικτύου,1,100.0,0.0,0.0
2024 A,Nova,ποιότητα τηλεφωνίας,0,97.5,0.0,0.0
2024 A,Nova,ποιότητα τηλεφωνίας,1,95.0,0.0,2.8
2024 A,Nova,ποιότητα τηλεφωνίας,2,100.0,0.0,0.0
2024 A,Nova,καθυστέρηση επανασύνδεσης,0,100.0,0.0,0.0
2024 A,Nova,καθυστέρηση επανασύνδεσης,1,100.0,0.0,0.0
2024 A,Nova,καθυστέρηση επανασύνδεσης,2,100.0,3.11,3.11
2024 A,Nova,καθυστέρηση αποκατάστασης βλάβης,0,100.0,0.0,0.0
2024 A,Nova,καθυστέρηση αποκατάστασης βλάβης,1,99.85,0.0,0.0
2024 A,Nova,καθυστέρηση αποκατάστασης βλάβης,2,99.9,0.0,0.0
2024 A,OTE,αμφισβήτηση πώλησης,1,68.1,5.93,77.92
2024 A,OTE,γενικού περιεχομένου,1,82.72,0.0,21.87
2024 A,OTE,ελλιπής ενημέρωση,1,82.54,0.82,38.98
2024 A,OTE,καθυστέρηση αποκατάστασης βλάβης,1,84.76,0.0,101.16
2024 A,OTE,καθυστέρηση επανασύνδεσης,1,99.68,0.0,0.01
2024 A,OTE,λοιπές καθυστερήσεις,1,69.98,2.98,74.21
2024 A,OTE,λογαριασμοί (μη έκδοση/παραλαβή/πληρωμή),1,54.68,8.17,30.96
2024 A,OTE,ποιότητα διαδικτύου,1,69.37,0.0,97.16
2024 A,OTE,ποιότητα τηλεφωνίας,1,75.38,0.1,36.0
2024 A,OTE,χρεώσεις,1,96.38,0.0,5.0
2024 A,OTE,αμφισβήτηση πώλησης,2,80.59,0.08,72.76
2024 A,OTE,γενικού περιεχομένου,2,76.54,0.0,37.88
2024 A,OTE,ελλιπής ενημέρωση,2,90.64,0.0,22.94
2024 A,OTE,καθυστέρηση αποκατάστασης βλάβης,2,63.33,5.0,49.0
2024 A,OTE,καθυστέρηση επανασύνδεσης,2,90.76,0.0,55.28
2024 A,OTE,καρτοκινητή (αδυναμία ανανέωσης/δυσδιάκριτες κάρτες),2,99.66,0.0,0.03
2024 A,OTE,λοιπές καθυστερήσεις,2,68.71,2.85,113.94
2024 A,OTE,λογαριασμοί (μη έκδοση/παραλαβή/πληρωμή),2,77.45,0.15,113.16
2024 A,OTE,ποιότητα διαδικτύου,2,75.62,4.76,21.0
2024 A,OTE,ποιότητα τηλεφωνίας,2,86.54,0.84,13.94
2024 A,OTE,χρεώσεις,2,71.92,0.0,21.21
2024 A,Vodafone,αμφισβήτηση πώλησης,1,97.57,1.99,7.39
2024 A,Vodafone,αμφισβήτηση πώλησης,2,92.34,0.69,15.05
2024 A,Vodafone,γενικού περιεχομένου,1,98.39,0.03,6.73
2024 A,Vodafone,γενικού περιεχομένου,2,81.33,0.0,25.03
2024 A,Vodafone,ελλιπής ενημέρωση,1,92.96,1.59,11.92
2024 A,Vodafone,ελλιπής ενημέρωση,2,85.61,0.87,21.03
2024 A,Vodafone,εμπειρία εξυπηρέτησης,1,99.09,0.0,1.05
2024 A,Vodafone,λοιπές καθυστερήσεις,1,58.43,8.47,28.17
2024 A,Vodafone,λοιπές καθυστερήσεις,2,75.47,0.99,24.16
2024 A,Vodafone,ποιότητα διαδικτύου,1,100.0,0.0,4.04
2024 A,Vodafone,ποιότητα διαδικτύου,2,92.66,0.01,12.9
2024 A,Vodafone,ποιότητα τηλεφωνίας,2,83.71,3.23,22.91
2024 A,Vodafone,χρεώσεις,1,97.4,0.0,5.77
2024 A,Vodafone,χρεώσεις,2,97.1,0.0,5.69
2022 B,Nova,λοιπά παράπονα,1,88.14,4.0,12.0
2022 B,Nova,αμφισβήτηση πώλησης,1,85.29,6.0,12.0
2022 B,Nova,ελλιπής ενημέρωση,1,89.47,6.0,13.0
2022 B,Nova,καθυστέρηση αποκατάστασης βλάβης,1,88.67,5.0,13.0
2022 B,Nova,λοιπές καθυστερήσεις,1,84.79,6.0,14.0
2022 B,Nova,χρεώσεις,1,90.53,4.0,13.0
2022 B,OTE,αμφισβήτηση πώλησης,1,67.54,4.87,55.16
2022 B,OTE,γενικού περιεχομένου,1,84.09,0.0,28.2
2022 B,OTE,ελλιπής ενημέρωση,1,75.09,2.64,42.28
2022 B,OTE,καθυστέρηση αποκατάστασης βλάβης,1,89.6,0.0,26.6
2022 B,OTE,καθυστέρηση επανασύνδεσης,1,98.79,0.0,0.01
2022 B,OTE,λοιπές καθυστερήσεις,1,70.7,1.88,48.09
2022 B,OTE,παράπονα λογαριασμών (μη έκδοση/παραλαβή/πληρωμή),1,66.87,6.04,119.93
2022 B,OTE,ποιότητα διαδικτύου,1,83.82,0.0,93.81
2022 B,OTE,ποιότητα τηλεφωνίας,1,81.88,0.23,37.92
2022 B,OTE,χρεώσεις,1,97.56,0.0,3.14
2022 B,Cosmote,αμφισβήτηση πώλησης,2,79.14,0.01,36.47
2022 B,Cosmote,γενικού περιεχομένου,2,93.16,0.0,14.88
2022 B,Cosmote,ελλιπής ενημέρωση,2,84.88,0.0,31.16
2022 B,Cosmote,καθυστέρηση αποκατάστασης βλάβης,2,90.0,0.0,17.0
2022 B,Cosmote,καθυστέρηση επανασύνδεσης,2,98.11,0.0,1.98
2022 B,Cosmote,καρτοκινητή (αδυναμία ανανέωσης/δυσδιάκριτες κάρτες),2,99.45,0.0,1.06
2022 B,Cosmote,λοιπές καθυστερήσεις,2,69.4,2.88,52.15
2022 B,Cosmote,παράπονα λογαριασμών (μη έκδοση/παραλαβή/πληρωμή),2,79.21,0.0,137.75
2022 B,Cosmote,ποιότητα διαδικτύου,2,89.57,6.0,49.0
2022 B,Cosmote,ποιότητα τηλεφωνίας,2,91.49,2.19,12.17
2022 B,Cosmote,χρεώσεις,2,88.51,0.69,15.98
2022 B,Vodafone,αμφισβήτηση πώλησης,1,97.34,1.92,7.68
2022 B,Vodafone,αμφισβήτηση πώλησης,2,93.59,0.01,15.1
2022 B,Vodafone,ελλιπής ενημέρωση,1,97.03,0.0,7.9
2022 B,Vodafone,ελλιπής ενημέρωση,2,86.27,0.81,27.93
2022 B,Vodafone,λοιπές καθυστερήσεις,1,80.55,5.41,20.09
2022 B,Vodafone,λοιπές καθυστερήσεις,2,82.94,0.22,20.69
2022 B,Vodafone,ποιότητα διαδικτύου,2,92.93,0.02,13.83
2022 B,Vodafone,ποιότητα τηλεφωνίας,2,86.14,2.79,21.83
2022 B,Vodafone,χρεώσεις,1,96.31,0.0,9.03
2022 B,Vodafone,χρεώσεις,2,97.0,0.0,6.03
2022 B,Wind,χρεώσεις,0,98.85,1.15,6.13
2022 B,Wind,χρεώσεις,1,96.65,1.78,8.22
2022 B,Wind,χρεώσεις,2,96.17,1.55,8.85
2022 B,Wind,αμφισβήτηση πώλησης,0,91.3,2.99,12.65
2022 B,Wind,αμφισβήτηση πώλησης,1,68.53,7.05,16.86
2022 B,Wind,αμφισβήτηση πώλησης,2,88.61,2.75,14.04
2022 B,Wind,ποιότητα διαδικτύου,1,97.37,0.0,6.98
2022 B,Wind,ποιότητα διαδικτύου,2,88.89,0.0,65.34
2022 B,Wind,ποιότητα τηλεφωνίας,1,100.0,0.0,3.1
2022 B,Wind,ποιότητα τηλεφωνίας,2,100.0,0.0,0.0
2022 B,Wind,λοιπές καθυστερήσεις,1,100.0,0.71,0.71
2022 B,Wind,καθυστέρηση επανασύνδεσης,0,100.0,2.05,2.05
2022 B,Wind,καθυστέρηση επανασύνδεσης,1,100.0,0.0,0.0
2022 B,Wind,καθυστέρηση επανασύνδεσης,2,100.0,0.0,6.82
2022 B,Wind,καθυστέρηση αποκατάστασης βλάβης,1,100.0,0.0,0.0
2022 B,Wind,καθυστέρηση αποκατάστασης βλάβης,2,100.0,0.0,0.0
2023 B,Nova,χρεώσεις,0,98.86,0.86,5.25
2023 B,Nova,χρεώσεις,1,97.25,0.86,6.96
2023 B,Nova,χρεώσεις,2,96.06,0.9,8.24
2023 B,Nova,αμφισβήτηση πώλησης,0,92.5,1.99,11.51
2023 B,Nova,αμφισβήτηση πώλησης,1,85.24,3.61,14.99
2023 B,Nova,αμφισβήτηση πώλησης,2,95.19,1.0,9.87
2023 B,Nova,ποιότητα διαδικτύου,1,100.0,0.0,0.85
2023 B,Nova,ποιότητα διαδικτύου,2,100.0,0.0,0.0
2023 B,Nova,ποιότητα τηλεφωνίας,0,100.0,0.0,2.03
2023 B,Nova,ποιότητα τηλεφωνίας,1,94.12,0.0,12.88
2023 B,Nova,ποιότητα τηλεφωνίας,2,98.31,0.0,2.22
2023 B,Nova,λοιπές καθυστερήσεις,1,100.0,0.7,0.8
2023 B,Nova,καθυστέρηση επανασύνδεσης,1,100.0,0.0,0.0
2023 B,Nova,καθυστέρηση αποκατάστασης βλάβης,0,99.68,0.0,0.0
2023 B,Nova,καθυστέρηση αποκατάστασης βλάβης,1,99.74,0.0,0.0
2023 B,Nova,καθυστέρηση αποκατάστασης βλάβης,2,99.94,0.0,0.0
2023 B,Cosmote,αμφισβήτηση πώλησης,2,82.05,0.0,66.59
2023 B,Cosmote,γενικού περιεχομένου,2,91.41,0.0,16.13
2023 B,Cosmote,ελλιπής ενημέρωση,2,90.76,0.0,24.05
2023 B,Cosmote,καθυστέρηση αποκατάστασης βλάβης,2,85.29,0.0,32.0
2023 B,Cosmote,καθυστέρηση επανασύνδεσης,2,99.29,0.0,0.87
2023 B,Cosmote,καρτοκινητή (αδυναμία ανανέωσης/δυσδιάκριτες κάρτες),2,99.86,0.0,0.05
2023 B,Cosmote,λοιπές καθυστερήσεις,2,75.22,2.71,158.13
2023 B,Cosmote,παράπονα λογαριασμών (μη έκδοση/παραλαβή/πληρωμή),2,71.45,0.21,156.0
2023 B,Cosmote,ποιότητα διαδικτύου,2,67.54,5.1,24.95
2023 B,Cosmote,ποιότητα τηλεφωνίας,2,79.19,1.96,23.32
2023 B,Cosmote,χρεώσεις,2,78.42,0.0,19.16
2023 B,OTE,αμφισβήτηση πώλησης,1,77.87,3.8,47.2
2023 B,OTE,γενικού περιεχομένου,1,86.09,0.0,17.96
2023 B,OTE,ελλιπής ενημέρωση,1,88.36,0.96,28.27
2023 B,OTE,καθυστέρηση αποκατάστασης βλάβης,1,89.51,0.0,34.14
2023 B,OTE,καθυστέρηση επανασύνδεσης,1,99.87,0.0,0.05
2023 B,OTE,λοιπές καθυστερήσεις,1,67.11,2.07,64.07
2023 B,OTE,παράπονα λογαριασμών (μη έκδοση/παραλαβή/πληρωμή),1,66.08,3.91,28.96
2023 B,OTE,ποιότητα διαδικτύου,1,79.68,0.0,63.62
2023 B,OTE,ποιότητα τηλεφωνίας,1,81.91,0.76,30.0
2023 B,OTE,χρεώσεις,1,97.43,0.0,3.13
2023 B,Vodafone,αμφισβήτηση πώλησης,1,97.57,1.99,7.39
2023 B,Vodafone,αμφισβήτηση πώλησης,2,92.34,0.69,15.05
2023 B,Vodafone,γενικού περιεχομένου,1,98.39,0.03,6.73
2023 B,Vodafone,γενικού περιεχομένου,2,81.33,0.0,25.03
2023 B,Vodafone,ελλιπής ενημέρωση,1,92.96,1.59,11.92
2023 B,Vodafone,ελλιπής ενημέρωση,2,85.61,0.87,21.03
2023 B,Vodafone,ποιότητα εξυπηρέτησης,1,99.09,0.0,1.05
2023 B,Vodafone,λοιπές καθυστερήσεις,1,58.43,8.47,28.17
2023 B,Vodafone,λοιπές καθυστερήσεις,2,75.47,0.99,24.16
2023 B,Vodafone,ποιότητα διαδικτύου,1,100.0,0.0,4.04
2023 B,Vodafone,ποιότητα διαδικτύου,2,92.66,0.01,12.9
2023 B,Vodafone,ποιότητα τηλεφωνίας,2,83.71,3.23,22.91
2023 B,Vodafone,χρεώσεις,1,97.4,0.0,5.77
2023 B,Vodafone,χρεώσεις,2,97.1,0.0,5.69
2024 B,Nova,χρεώσεις,0,98.48,1.05,7.15
2024 B,Nova,χρεώσεις,1,97.81,1.68,7.61
2024 B,Nova,χρεώσεις,2,98.0,1.96,7.73
2024 B,Nova,αμφισβήτηση πώλησης,0,92.7,3.96,10.9
2024 B,Nova,αμφισβήτηση πώλησης,1,91.69,4.88,11.02
2024 B,Nova,αμφισβήτηση πώλησης,2,95.33,1.8,9.91
2024 B,Nova,ποιότητα διαδικτύου,0,100.0,0.0,0.0
2024 B,Nova,ποιότητα διαδικτύου,1,100.0,0.0,0.0
2024 B,Nova,ποιότητα διαδικτύου,2,100.0,0.0,0.0
2024 B,Nova,ποιότητα τηλεφωνίας,0,100.0,0.0,0.0
2024 B,Nova,ποιότητα τηλεφωνίας,1,100.0,0.0,0.0
2024 B,Nova,ποιότητα τηλεφωνίας,2,100.0,0.0,0.0
2024 B,Nova,καθυστέρηση αποκατάστασης βλάβης,0,99.7,0.0,0.0
2024 B,Nova,καθυστέρηση αποκατάστασης βλάβης,1,99.5,0.0,0.0
2024 B,Nova,καθυστέρηση αποκατάστασης βλάβης,2,99.39,0.0,0.0
2024 B,OTE,αμφισβήτηση πώλησης,1,75.95,4.7,35.14
2024 B,OTE,γενικού περιεχομένου,1,88.41,0.0,20.2
2024 B,OTE,ελλιπής ενημέρωση,1,86.52,0.19,21.65
2024 B,OTE,καθυστέρηση αποκατάστασης βλάβης,1,83.45,0.0,74.67
2024 B,OTE,καθυστέρηση επανασύνδεσης,1,99.78,0.0,0.01
2024 B,OTE,λοιπές καθυστερήσεις,1,70.98,2.17,63.45
2024 B,OTE,λογαριασμοί (μη έκδοση/παραλαβή/πληρωμή),1,60.15,6.6,28.06
2024 B,OTE,ποιότητα διαδικτύου,1,72.49,0.0,71.82
2024 B,OTE,ποιότητα τηλεφωνίας,1,77.92,0.69,42.0
2024 B,OTE,χρεώσεις,1,96.23,0.0,5.84
2024 B,OTE,αμφισβήτηση πώλησης,2,84.65,0.0,39.76
2024 B,OTE,γενικού περιεχομένου,2,89.24,0.0,21.6
2024 B,OTE,ελλιπής ενημέρωση,2,92.02,0.0,19.98
2024 B,OTE,καθυστέρηση αποκατάστασης βλάβης,2,61.11,1.0,94.0
2024 B,OTE,καθυστέρηση επανασύνδεσης,2,93.96,0.0,11.9
2024 B,OTE,καρτοκινητή (αδυναμία ανανέωσης/δυσδιάκριτες κάρτες),2,98.39,0.0,0.01
2024 B,OTE,λοιπές καθυστερήσεις,2,67.72,3.05,80.31
2024 B,OTE,λογαριασμοί (μη έκδοση/παραλαβή/πληρωμή),2,84.83,1.74,134.27
2024 B,OTE,ποιότητα διαδικτύου,2,50.83,9.97,41.0
2024 B,OTE,ποιότητα τηλεφωνίας,2,80.44,0.7,30.76
2024 B,OTE,χρεώσεις,2,73.18,0.93,29.87
2024 B,Vodafone,αμφισβήτηση πώλησης,1,95.75,2.47,9.86
2024 B,Vodafone,αμφισβήτηση πώλησης,2,91.89,0.99,15.82
2024 B,Vodafone,γενικού περιεχομένου,1,97.73,0.07,4.91
2024 B,Vodafone,γενικού περιεχομένου,2,76.01,0.0,24.01
2024 B,Vodafone,ελλιπής ενημέρωση,1,96.05,0.0,9.09
2024 B,Vodafone,ελλιπής ενημέρωση,2,81.88,0.96,36.98
2024 B,Vodafone,εμπειρία εξυπηρέτησης,1,99.72,0.0,0.0
2024 B,Vodafone,λοιπές καθυστερήσεις,1,82.4,5.69,16.6
2024 B,Vodafone,λοιπές καθυστερήσεις,2,82.6,4.1,17.98
2024 B,Vodafone,ποιότητα διαδικτύου,1,100.0,0.0,4.88
2024 B,Vodafone,ποιότητα διαδικτύου,2,95.42,0.01,10.49
2024 B,Vodafone,ποιότητα τηλεφωνίας,2,82.41,3.92,26.72
2024 B,Vodafone,χρεώσεις,1,98.12,0.0,4.8
2024 B,Vodafone,χρεώσεις,2,97.15,0.0,6.07
