period,year,semester,period_order,provider,category,network_type,network_label,resolved_in_10d_pct,resolution_median_days,resolution_p95_days,has_missing_metrics
2022 A,2022,A,20221,Cosmote,αμφισβήτηση πώλησης,2,data_4G5G,74.78,1.15,70.77,False
2022 A,2022,A,20221,Cosmote,γενικού περιεχομένου,2,data_4G5G,88.85,0.0,27.39,False
2022 A,2022,A,20221,Cosmote,ελλιπής ενημέρωση,2,data_4G5G,83.54,0.0,34.09,False
2022 A,2022,A,20221,Cosmote,καθυστέρηση αποκατάστασης βλάβης,2,data_4G5G,85.71,0.0,26.0,False
2022 A,2022,A,20221,Cosmote,καθυστέρηση επανασύνδεσης,2,data_4G5G,99.24,0.0,2.5,False
2022 A,2022,A,20221,Cosmote,καρτοκινητή (αδυναμία ανανέωσης/δυσδιάκριτες κάρτες),2,data_4G5G,99.51,0.0,0.55,False
2022 A,2022,A,20221,Cosmote,λοιπές καθυστερήσεις,2,data_4G5G,70.61,3.73,73.09,False
2022 A,2022,A,20221,Cosmote,παράπονα λογαριασμών (μη έκδοση/παραλαβή/πληρωμή),2,data_4G5G,81.46,0.0,155.61,False
2022 A,2022,A,20221,Cosmote,ποιότητα διαδικτύου,2,data_4G5G,92.78,1.96,12.0,False
2022 A,2022,A,20221,Cosmote,ποιότητα τηλεφωνίας,2,data_4G5G,92.51,1.11,12.84,False
2022 A,2022,A,20221,Cosmote,χρεώσεις,2,data_4G5G,86.76,2.88,15.73,False
2022 A,2022,A,20221,Nova,αμφισβήτηση πώλησης,1,voice_2G3G,97.73,2.0,9.0,False
2022 A,2022,A,20221,Nova,ελλιπής ενημέρωση,1,voice_2G3G,94.12,2.0,10.0,False
2022 A,2022,A,20221,Nova,καθυστέρηση αποκατάστασης βλάβης,1,voice_2G3G,95.91,3.0,10.0,False
2022 A,2022,A,20221,Nova,λοιπά παράπονα,1,voice_2G3G,93.91,3.0,11.0,False
2022 A,2022,A,20221,Nova,λοιπές καθυστερήσεις,1,voice_2G3G,94.81,2.0,10.0,False
2022 A,2022,A,20221,Nova,ποιότητα διαδικτύου,1,voice_2G3G,100.0,3.0,6.0,False
2022 A,2022,A,20221,Nova,χρεώσεις,1,voice_2G3G,95.91,2.0,10.0,False
2022 A,2022,A,20221,OTE,αμφισβήτηση πώλησης,1,voice_2G3G,76.94,3.11,48.02,False
2022 A,2022,A,20221,OTE,γενικού περιεχομένου,1,voice_2G3G,82.86,0.0,32.9,False
2022 A,2022,A,20221,OTE,ελλιπής ενημέρωση,1,voice_2G3G,82.52,2.02,34.06,False
2022 A,2022,A,20221,OTE,καθυστέρηση αποκατάστασης βλάβης,1,voice_2G3G,89.91,0.0,66.61,False
2022 A,2022,A,20221,OTE,καθυστέρηση επανασύνδεσης,1,voice_2G3G,99.64,0.0,0.01,False
2022 A,2022,A,20221,OTE,λοιπές καθυστερήσεις,1,voice_2G3G,79.08,0.99,58.57,False
2022 A,2022,A,20221,OTE,παράπονα λογαριασμών (μη έκδοση/παραλαβή/πληρωμή),1,voice_2G3G,63.41,5.16,166.01,False
2022 A,2022,A,20221,OTE,ποιότητα διαδικτύου,1,voice_2G3G,81.26,0.0,106.2,False
2022 A,2022,A,20221,OTE,ποιότητα τηλεφωνίας,1,voice_2G3G,86.92,0.4,41.05,False
2022 A,2022,A,20221,OTE,χρεώσεις,1,voice_2G3G,96.61,0.0,4.11,False
2022 A,2022,A,20221,Vodafone,αμφισβήτηση πώλησης,1,voice_2G3G,98.51,1.19,6.47,False
2022 A,2022,A,20221,Vodafone,αμφισβήτηση πώλησης,2,data_4G5G,98.41,0.04,6.96,False
2022 A,2022,A,20221,Vodafone,γενικού περιεχομένου,2,data_4G5G,94.43,5.94,11.89,False
2022 A,2022,A,20221,Vodafone,ελλιπής ενημέρωση,1,voice_2G3G,98.69,0.0,5.06,False
2022 A,2022,A,20221,Vodafone,ελλιπής ενημέρωση,2,data_4G5G,97.68,0.19,8.66,False
2022 A,2022,A,20221,Vodafone,καθυστέρηση αποκατάστασης βλάβης,1,voice_2G3G,,,,True
2022 A,2022,A,20221,Vodafone,λοιπές καθυστερήσεις,1,voice_2G3G,58.65,7.12,33.57,False
2022 A,2022,A,20221,Vodafone,λοιπές καθυστερήσεις,2,data_4G5G,87.5,0.03,16.06,False
2022 A,2022,A,20221,Vodafone,ποιότητα διαδικτύου,1,voice_2G3G,,,,True
2022 A,2022,A,20221,Vodafone,ποιότητα τηλεφωνίας,1,voice_2G3G,,,,True
2022 A,2022,A,20221,Vodafone,χρεώσεις,1,voice_2G3G,97.9,0.06,5.67,False
2022 A,2022,A,20221,Vodafone,χρεώσεις,2,data_4G5G,99.42,0.0,3.92,False
2022 A,2022,A,20221,Wind,αμφισβήτηση πώλησης,0,unspecified,89.01,3.14,15.14,False
2022 A,2022,A,20221,Wind,αμφισβήτηση πώλησης,1,voice_2G3G,85.61,4.99,11.84,False
2022 A,2022,A,20221,Wind,αμφισβήτηση πώλησης,2,data_4G5G,91.09,1.95,13.39,False
2022 A,2022,A,20221,Wind,καθυστέρηση αποκατάστασης βλάβης,0,unspecified,100.0,3.98,3.98,False
2022 A,2022,A,20221,Wind,καθυστέρηση αποκατάστασης βλάβης,1,voice_2G3G,88.89,0.0,219.06,False
2022 A,2022,A,20221,Wind,καθυστέρηση αποκατάστασης βλάβης,2,data_4G5G,100.0,0.0,0.0,False
2022 A,2022,A,20221,Wind,καθυστέρηση επανασύνδεσης,0,unspecified,100.0,0.0,7.68,False
2022 A,2022,A,20221,Wind,καθυστέρηση επανασύνδεσης,1,voice_2G3G,100.0,4.21,4.21,False
2022 A,2022,A,20221,Wind,καθυστέρηση επανασύνδεσης,2,data_4G5G,100.0,0.0,6.03,False
2022 A,2022,A,20221,Wind,λοιπές καθυστερήσεις,1,voice_2G3G,100.0,1.92,2.9,False
2022 A,2022,A,20221,Wind,ποιότητα διαδικτύου,1,voice_2G3G,97.62,0.0,5.92,False
2022 A,2022,A,20221,Wind,ποιότητα διαδικτύου,2,data_4G5G,87.5,0.0,14.99,False
2022 A,2022,A,20221,Wind,ποιότητα τηλεφωνίας,1,voice_2G3G,90.91,2.24,27.04,False
2022 A,2022,A,20221,Wind,ποιότητα τηλεφωνίας,2,data_4G5G,100.0,0.0,0.0,False
2022 A,2022,A,20221,Wind,χρεώσεις,0,unspecified,96.15,1.46,7.78,False
2022 A,2022,A,20221,Wind,χρεώσεις,1,voice_2G3G,92.29,1.84,12.31,False
2022 A,2022,A,20221,Wind,χρεώσεις,2,data_4G5G,89.53,2.13,14.03,False
2022 B,2022,B,20222,Cosmote,αμφισβήτηση πώλησης,2,data_4G5G,79.14,0.01,36.47,False
2022 B,2022,B,20222,Cosmote,γενικού περιεχομένου,2,data_4G5G,93.16,0.0,14.88,False
2022 B,2022,B,20222,Cosmote,ελλιπής ενημέρωση,2,data_4G5G,84.88,0.0,31.16,False
2022 B,2022,B,20222,Cosmote,καθυστέρηση αποκατάστασης βλάβης,2,data_4G5G,90.0,0.0,17.0,False
2022 B,2022,B,20222,Cosmote,καθυστέρηση επανασύνδεσης,2,data_4G5G,98.11,0.0,1.98,False
2022 B,2022,B,20222,Cosmote,καρτοκινητή (αδυναμία ανανέωσης/δυσδιάκριτες κάρτες),2,data_4G5G,99.45,0.0,1.06,False
2022 B,2022,B,20222,Cosmote,λοιπές καθυστερήσεις,2,data_4G5G,69.4,2.88,52.15,False
2022 B,2022,B,20222,Cosmote,παράπονα λογαριασμών (μη έκδοση/παραλαβή/πληρωμή),2,data_4G5G,79.21,0.0,137.75,False
2022 B,2022,B,20222,Cosmote,ποιότητα διαδικτύου,2,data_4G5G,89.57,6.0,49.0,False
2022 B,2022,B,20222,Cosmote,ποιότητα τηλεφωνίας,2,data_4G5G,91.49,2.19,12.17,False
2022 B,2022,B,20222,Cosmote,χρεώσεις,2,data_4G5G,88.51,0.69,15.98,False
2022 B,2022,B,20222,Nova,αμφισβήτηση πώλησης,1,voice_2G3G,85.29,6.0,12.0,False
2022 B,2022,B,20222,Nova,ελλιπής ενημέρωση,1,voice_2G3G,89.47,6.0,13.0,False
2022 B,2022,B,20222,Nova,καθυστέρηση αποκατάστασης βλάβης,1,voice_2G3G,88.67,5.0,13.0,False
2022 B,2022,B,20222,Nova,λοιπά παράπονα,1,voice_2G3G,88.14,4.0,12.0,False
2022 B,2022,B,20222,Nova,λοιπές καθυστερήσεις,1,voice_2G3G,84.79,6.0,14.0,False
2022 B,2022,B,20222,Nova,χρεώσεις,1,voice_2G3G,90.53,4.0,13.0,False
2022 B,2022,B,20222,OTE,αμφισβήτηση πώλησης,1,voice_2G3G,67.54,4.87,55.16,False
2022 B,2022,B,20222,OTE,γενικού περιεχομένου,1,voice_2G3G,84.09,0.0,28.2,False
2022 B,2022,B,20222,OTE,ελλιπής ενημέρωση,1,voice_2G3G,75.09,2.64,42.28,False
2022 B,2022,B,20222,OTE,καθυστέρηση αποκατάστασης βλάβης,1,voice_2G3G,89.6,0.0,26.6,False
2022 B,2022,B,20222,OTE,καθυστέρηση επανασύνδεσης,1,voice_2G3G,98.79,0.0,0.01,False
2022 B,2022,B,20222,OTE,λοιπές καθυστερήσεις,1,voice_2G3G,70.7,1.88,48.09,False
2022 B,2022,B,20222,OTE,παράπονα λογαριασμών (μη έκδοση/παραλαβή/πληρωμή),1,voice_2G3G,66.87,6.04,119.93,False
2022 B,2022,B,20222,OTE,ποιότητα διαδικτύου,1,voice_2G3G,83.82,0.0,93.81,False
2022 B,2022,B,20222,OTE,ποιότητα τηλεφωνίας,1,voice_2G3G,81.88,0.23,37.92,False
2022 B,2022,B,20222,OTE,χρεώσεις,1,voice_2G3G,97.56,0.0,3.14,False
2022 B,2022,B,20222,Vodafone,αμφισβήτηση πώλησης,1,voice_2G3G,97.34,1.92,7.68,False
2022 B,2022,B,20222,Vodafone,αμφισβήτηση πώλησης,2,data_4G5G,93.59,0.01,15.1,False
2022 B,2022,B,20222,Vodafone,ελλιπής ενημέρωση,1,voice_2G3G,97.03,0.0,7.9,False
2022 B,2022,B,20222,Vodafone,ελλιπής ενημέρωση,2,data_4G5G,86.27,0.81,27.93,False
2022 B,2022,B,20222,Vodafone,λοιπές καθυστερήσεις,1,voice_2G3G,80.55,5.41,20.09,False
2022 B,2022,B,20222,Vodafone,λοιπές καθυστερήσεις,2,data_4G5G,82.94,0.22,20.69,False
2022 B,2022,B,20222,Vodafone,ποιότητα διαδικτύου,2,data_4G5G,92.93,0.02,13.83,False
2022 B,2022,B,20222,Vodafone,ποιότητα τηλεφωνίας,2,data_4G5G,86.14,2.79,21.83,False
2022 B,2022,B,20222,Vodafone,χρεώσεις,1,voice_2G3G,96.31,0.0,9.03,False
2022 B,2022,B,20222,Vodafone,χρεώσεις,2,data_4G5G,97.0,0.0,6.03,False
2022 B,2022,B,20222,Wind,αμφισβήτηση πώλησης,0,unspecified,91.3,2.99,12.65,False
2022 B,2022,B,20222,Wind,αμφισβήτηση πώλησης,1,voice_2G3G,68.53,7.05,16.86,False
2022 B,2022,B,20222,Wind,αμφισβήτηση πώλησης,2,data_4G5G,88.61,2.75,14.04,False
2022 B,2022,B,20222,Wind,καθυστέρηση αποκατάστασης βλάβης,1,voice_2G3G,100.0,0.0,0.0,False
2022 B,2022,B,20222,Wind,καθυστέρηση αποκατάστασης βλάβης,2,data_4G5G,100.0,0.0,0.0,False
2022 B,2022,B,20222,Wind,καθυστέρηση επανασύνδεσης,0,unspecified,100.0,2.05,2.05,False
2022 B,2022,B,20222,Wind,καθυστέρηση επανασύνδεσης,1,voice_2G3G,100.0,0.0,0.0,False
2022 B,2022,B,20222,Wind,καθυστέρηση επανασύνδεσης,2,data_4G5G,100.0,0.0,6.82,False
2022 B,2022,B,20222,Wind,λοιπές καθυστερήσεις,1,voice_2G3G,100.0,0.71,0.71,False
2022 B,2022,B,20222,Wind,ποιότητα διαδικτύου,1,voice_2G3G,97.37,0.0,6.98,False
2022 B,2022,B,20222,Wind,ποιότητα διαδικτύου,2,data_4G5G,88.89,0.0,65.34,False
2022 B,2022,B,20222,Wind,ποιότητα τηλεφωνίας,1,voice_2G3G,100.0,0.0,3.1,False
2022 B,2022,B,20222,Wind,ποιότητα τηλεφωνίας,2,data_4G5G,100.0,0.0,0.0,False
2022 B,2022,B,20222,Wind,χρεώσεις,0,unspecified,98.85,1.15,6.13,False
2022 B,2022,B,20222,Wind,χρεώσεις,1,voice_2G3G,96.65,1.78,8.22,False
2022 B,2022,B,20222,Wind,χρεώσεις,2,data_4G5G,96.17,1.55,8.85,False
2023 A,2023,A,20231,Cosmote,αμφισβήτηση πώλησης,2,data_4G5G,73.2,0.95,116.1,False
2023 A,2023,A,20231,Cosmote,γενικού περιεχομένου,2,data_4G5G,91.86,0.0,15.38,False
2023 A,2023,A,20231,Cosmote,ελλιπής ενημέρωση,2,data_4G5G,86.73,0.0,45.75,False
2023 A,2023,A,20231,Cosmote,καθυστέρηση αποκατάστασης βλάβης,2,data_4G5G,89.66,0.0,28.0,False
2023 A,2023,A,20231,Cosmote,καθυστέρηση επανασύνδεσης,2,data_4G5G,99.47,0.0,1.64,False
2023 A,2023,A,20231,Cosmote,καρτοκινητή (αδυναμία ανανέωσης/δυσδιάκριτες κάρτες),2,data_4G5G,99.65,0.0,0.34,False
2023 A,2023,A,20231,Cosmote,λοιπές καθυστερήσεις,2,data_4G5G,76.26,1.07,65.06,False
2023 A,2023,A,20231,Cosmote,παράπονα λογαριασμών (μη έκδοση/παραλαβή/πληρωμή),2,data_4G5G,82.71,0.0,148.97,False
2023 A,2023,A,20231,Cosmote,ποιότητα διαδικτύου,2,data_4G5G,87.68,4.03,29.73,False
2023 A,2023,A,20231,Cosmote,ποιότητα τηλεφωνίας,2,data_4G5G,92.59,2.06,12.23,False
2023 A,2023,A,20231,Cosmote,χρεώσεις,2,data_4G5G,88.33,0.95,13.2,False
2023 A,2023,A,20231,Nova,αμφισβήτηση πώλησης,0,unspecified,81.41,3.03,18.16,False
2023 A,2023,A,20231,Nova,αμφισβήτηση πώλησης,1,voice_2G3G,62.06,7.88,21.06,False
2023 A,2023,A,20231,Nova,αμφισβήτηση πώλησης,2,data_4G5G,86.05,2.01,16.06,False
2023 A,2023,A,20231,Nova,καθυστέρηση αποκατάστασης βλάβης,0,unspecified,100.0,0.0,0.0,False
2023 A,2023,A,20231,Nova,καθυστέρηση αποκατάστασης βλάβης,1,voice_2G3G,99.59,0.0,0.0,False
2023 A,2023,A,20231,Nova,καθυστέρηση αποκατάστασης βλάβης,2,data_4G5G,99.96,0.0,0.0,False
2023 A,2023,A,20231,Nova,καθυστέρηση επανασύνδεσης,1,voice_2G3G,100.0,0.0,0.16,False
2023 A,2023,A,20231,Nova,καθυστέρηση επανασύνδεσης,2,data_4G5G,100.0,0.0,0.0,False
2023 A,2023,A,20231,Nova,ποιότητα διαδικτύου,1,voice_2G3G,95.56,0.0,6.93,False
2023 A,2023,A,20231,Nova,ποιότητα διαδικτύου,2,data_4G5G,100.0,0.0,0.0,False
2023 A,2023,A,20231,Nova,ποιότητα τηλεφωνίας,0,unspecified,100.0,0.0,0.0,False
2023 A,2023,A,20231,Nova,ποιότητα τηλεφωνίας,1,voice_2G3G,75.0,0.0,29.7,False
2023 A,2023,A,20231,Nova,ποιότητα τηλεφωνίας,2,data_4G5G,100.0,0.0,7.12,False
2023 A,2023,A,20231,Nova,χρεώσεις,0,unspecified,98.33,1.81,6.78,False
2023 A,2023,A,20231,Nova,χρεώσεις,1,voice_2G3G,95.19,2.0,9.87,False
2023 A,2023,A,20231,Nova,χρεώσεις,2,data_4G5G,94.18,1.74,11.08,False
2023 A,2023,A,20231,OTE,αμφισβήτηση πώλησης,1,voice_2G3G,55.9,7.98,142.16,False
2023 A,2023,A,20231,OTE,γενικού περιεχομένου,1,voice_2G3G,86.59,0.0,25.11,False
2023 A,2023,A,20231,OTE,ελλιπής ενημέρωση,1,voice_2G3G,69.68,2.98,63.26,False
2023 A,2023,A,20231,OTE,καθυστέρηση αποκατάστασης βλάβης,1,voice_2G3G,87.17,0.0,54.01,False
2023 A,2023,A,20231,OTE,καθυστέρηση επανασύνδεσης,1,voice_2G3G,99.0,0.0,0.04,False
2023 A,2023,A,20231,OTE,λοιπές καθυστερήσεις,1,voice_2G3G,67.6,2.97,60.66,False
2023 A,2023,A,20231,OTE,παράπονα λογαριασμών (μη έκδοση/παραλαβή/πληρωμή),1,voice_2G3G,74.96,2.0,61.81,False
2023 A,2023,A,20231,OTE,ποιότητα διαδικτύου,1,voice_2G3G,78.32,1.0,51.95,False
2023 A,2023,A,20231,OTE,ποιότητα τηλεφωνίας,1,voice_2G3G,73.81,0.93,73.21,False
2023 A,2023,A,20231,OTE,χρεώσεις,1,voice_2G3G,97.11,0.0,4.04,False
2023 A,2023,A,20231,Vodafone,αμφισβήτηση πώλησης,1,voice_2G3G,97.82,1.34,6.96,False
2023 A,2023,A,20231,Vodafone,αμφισβήτηση πώλησης,2,data_4G5G,95.43,0.09,9.95,False
2023 A,2023,A,20231,Vodafone,γενικού περιεχομένου,2,data_4G5G,93.45,0.1,16.82,False
2023 A,2023,A,20231,Vodafone,ελλιπής ενημέρωση,1,voice_2G3G,97.2,0.0,6.76,False
2023 A,2023,A,20231,Vodafone,ελλιπής ενημέρωση,2,data_4G5G,92.01,0.23,17.09,False
2023 A,2023,A,20231,Vodafone,λοιπές καθυστερήσεις,1,voice_2G3G,70.76,6.19,21.54,False
2023 A,2023,A,20231,Vodafone,λοιπές καθυστερήσεις,2,data_4G5G,80.67,0.19,20.72,False
2023 A,2023,A,20231,Vodafone,ποιότητα διαδικτύου,1,voice_2G3G,100.0,0.0,4.08,False
2023 A,2023,A,20231,Vodafone,ποιότητα διαδικτύου,2,data_4G5G,97.47,0.0,7.2,False
2023 A,2023,A,20231,Vodafone,ποιότητα τηλεφωνίας,2,data_4G5G,88.55,2.47,17.05,False
2023 A,2023,A,20231,Vodafone,χρεώσεις,1,voice_2G3G,98.43,0.0,5.87,False
2023 A,2023,A,20231,Vodafone,χρεώσεις,2,data_4G5G,97.79,0.0,5.91,False
2023 B,2023,B,20232,Cosmote,αμφισβήτηση πώλησης,2,data_4G5G,82.05,0.0,66.59,False
2023 B,2023,B,20232,Cosmote,γενικού περιεχομένου,2,data_4G5G,91.41,0.0,16.13,False
2023 B,2023,B,20232,Cosmote,ελλιπής ενημέρωση,2,data_4G5G,90.76,0.0,24.05,False
2023 B,2023,B,20232,Cosmote,καθυστέρηση αποκατάστασης βλάβης,2,data_4G5G,85.29,0.0,32.0,False
2023 B,2023,B,20232,Cosmote,καθυστέρηση επανασύνδεσης,2,data_4G5G,99.29,0.0,0.87,False
2023 B,2023,B,20232,Cosmote,καρτοκινητή (αδυναμία ανανέωσης/δυσδιάκριτες κάρτες),2,data_4G5G,99.86,0.0,0.05,False
2023 B,2023,B,20232,Cosmote,λοιπές καθυστερήσεις,2,data_4G5G,75.22,2.71,158.13,False
2023 B,2023,B,20232,Cosmote,παράπονα λογαριασμών (μη έκδοση/παραλαβή/πληρωμή),2,data_4G5G,71.45,0.21,156.0,False
2023 B,2023,B,20232,Cosmote,ποιότητα διαδικτύου,2,data_4G5G,67.54,5.1,24.95,False
2023 B,2023,B,20232,Cosmote,ποιότητα τηλεφωνίας,2,data_4G5G,79.19,1.96,23.32,False
2023 B,2023,B,20232,Cosmote,χρεώσεις,2,data_4G5G,78.42,0.0,19.16,False
2023 B,2023,B,20232,Nova,αμφισβήτηση πώλησης,0,unspecified,92.5,1.99,11.51,False
2023 B,2023,B,20232,Nova,αμφισβήτηση πώλησης,1,voice_2G3G,85.24,3.61,14.99,False
2023 B,2023,B,20232,Nova,αμφισβήτηση πώλησης,2,data_4G5G,95.19,1.0,9.87,False
2023 B,2023,B,20232,Nova,καθυστέρηση αποκατάστασης βλάβης,0,unspecified,99.68,0.0,0.0,False
2023 B,2023,B,20232,Nova,καθυστέρηση αποκατάστασης βλάβης,1,voice_2G3G,99.74,0.0,0.0,False
2023 B,2023,B,20232,Nova,καθυστέρηση αποκατάστασης βλάβης,2,data_4G5G,99.94,0.0,0.0,False
2023 B,2023,B,20232,Nova,καθυστέρηση επανασύνδεσης,1,voice_2G3G,100.0,0.0,0.0,False
2023 B,2023,B,20232,Nova,λοιπές καθυστερήσεις,1,voice_2G3G,100.0,0.7,0.8,False
2023 B,2023,B,20232,Nova,ποιότητα διαδικτύου,1,voice_2G3G,100.0,0.0,0.85,False
2023 B,2023,B,20232,Nova,ποιότητα διαδικτύου,2,data_4G5G,100.0,0.0,0.0,False
2023 B,2023,B,20232,Nova,ποιότητα τηλεφωνίας,0,unspecified,100.0,0.0,2.03,False
2023 B,2023,B,20232,Nova,ποιότητα τηλεφωνίας,1,voice_2G3G,94.12,0.0,12.88,False
2023 B,2023,B,20232,Nova,ποιότητα τηλεφωνίας,2,data_4G5G,98.31,0.0,2.22,False
2023 B,2023,B,20232,Nova,χρεώσεις,0,unspecified,98.86,0.86,5.25,False
2023 B,2023,B,20232,Nova,χρεώσεις,1,voice_2G3G,97.25,0.86,6.96,False
2023 B,2023,B,20232,Nova,χρεώσεις,2,data_4G5G,96.06,0.9,8.24,False
2023 B,2023,B,20232,OTE,αμφισβήτηση πώλησης,1,voice_2G3G,77.87,3.8,47.2,False
2023 B,2023,B,20232,OTE,γενικού περιεχομένου,1,voice_2G3G,86.09,0.0,17.96,False
2023 B,2023,B,20232,OTE,ελλιπής ενημέρωση,1,voice_2G3G,88.36,0.96,28.27,False
2023 B,2023,B,20232,OTE,καθυστέρηση αποκατάστασης βλάβης,1,voice_2G3G,89.51,0.0,34.14,False
2023 B,2023,B,20232,OTE,καθυστέρηση επανασύνδεσης,1,voice_2G3G,99.87,0.0,0.05,False
2023 B,2023,B,20232,OTE,λοιπές καθυστερήσεις,1,voice_2G3G,67.11,2.07,64.07,False
2023 B,2023,B,20232,OTE,παράπονα λογαριασμών (μη έκδοση/παραλαβή/πληρωμή),1,voice_2G3G,66.08,3.91,28.96,False
2023 B,2023,B,20232,OTE,ποιότητα διαδικτύου,1,voice_2G3G,79.68,0.0,63.62,False
2023 B,2023,B,20232,OTE,ποιότητα τηλεφωνίας,1,voice_2G3G,81.91,0.76,30.0,False
2023 B,2023,B,20232,OTE,χρεώσεις,1,voice_2G3G,97.43,0.0,3.13,False
2023 B,2023,B,20232,Vodafone,αμφισβήτηση πώλησης,1,voice_2G3G,97.57,1.99,7.39,False
2023 B,2023,B,20232,Vodafone,αμφισβήτηση πώλησης,2,data_4G5G,92.34,0.69,15.05,False
2023 B,2023,B,20232,Vodafone,γενικού περιεχομένου,1,voice_2G3G,98.39,0.03,6.73,False
2023 B,2023,B,20232,Vodafone,γενικού περιεχομένου,2,data_4G5G,81.33,0.0,25.03,False
2023 B,2023,B,20232,Vodafone,ελλιπής ενημέρωση,1,voice_2G3G,92.96,1.59,11.92,False
2023 B,2023,B,20232,Vodafone,ελλιπής ενημέρωση,2,data_4G5G,85.61,0.87,21.03,False
2023 B,2023,B,20232,Vodafone,λοιπές καθυστερήσεις,1,voice_2G3G,58.43,8.47,28.17,False
2023 B,2023,B,20232,Vodafone,λοιπές καθυστερήσεις,2,data_4G5G,75.47,0.99,24.16,False
2023 B,2023,B,20232,Vodafone,ποιότητα διαδικτύου,1,voice_2G3G,100.0,0.0,4.04,False
2023 B,2023,B,20232,Vodafone,ποιότητα διαδικτύου,2,data_4G5G,92.66,0.01,12.9,False
2023 B,2023,B,20232,Vodafone,ποιότητα εξυπηρέτησης,1,voice_2G3G,99.09,0.0,1.05,False
2023 B,2023,B,20232,Vodafone,ποιότητα τηλεφωνίας,2,data_4G5G,83.71,3.23,22.91,False
2023 B,2023,B,20232,Vodafone,χρεώσεις,1,voice_2G3G,97.4,0.0,5.77,False
2023 B,2023,B,20232,Vodafone,χρεώσεις,2,data_4G5G,97.1,0.0,5.69,False
2024 A,2024,A,20241,Nova,αμφισβήτηση πώλησης,0,unspecified,97.36,1.86,7.92,False
2024 A,2024,A,20241,Nova,αμφισβήτηση πώλησης,1,voice_2G3G,96.59,1.87,8.18,False
2024 A,2024,A,20241,Nova,αμφισβήτηση πώλησης,2,data_4G5G,97.62,1.0,7.16,False
2024 A,2024,A,20241,Nova,καθυστέρηση αποκατάστασης βλάβης,0,unspecified,100.0,0.0,0.0,False
2024 A,2024,A,20241,Nova,καθυστέρηση αποκατάστασης βλάβης,1,voice_2G3G,99.85,0.0,0.0,False
2024 A,2024,A,20241,Nova,καθυστέρηση αποκατάστασης βλάβης,2,data_4G5G,99.9,0.0,0.0,False
2024 A,2024,A,20241,Nova,καθυστέρηση επανασύνδεσης,0,unspecified,100.0,0.0,0.0,False
2024 A,2024,A,20241,Nova,καθυστέρηση επανασύνδεσης,1,voice_2G3G,100.0,0.0,0.0,False
2024 A,2024,A,20241,Nova,καθυστέρηση επανασύνδεσης,2,data_4G5G,100.0,3.11,3.11,False
2024 A,2024,A,20241,Nova,ποιότητα διαδικτύου,0,unspecified,100.0,0.0,0.0,False
2024 A,2024,A,20241,Nova,ποιότητα διαδικτύου,1,voice_2G3G,100.0,0.0,0.0,False
2024 A,2024,A,20241,Nova,ποιότητα τηλεφωνίας,0,unspecified,97.5,0.0,0.0,False
2024 A,2024,A,20241,Nova,ποιότητα τηλεφωνίας,1,voice_2G3G,95.0,0.0,2.8,False
2024 A,2024,A,20241,Nova,ποιότητα τηλεφωνίας,2,data_4G5G,100.0,0.0,0.0,False
2024 A,2024,A,20241,Nova,χρεώσεις,0,unspecified,99.4,0.78,4.69,False
2024 A,2024,A,20241,Nova,χρεώσεις,1,voice_2G3G,98.69,0.81,5.16,False
2024 A,2024,A,20241,Nova,χρεώσεις,2,data_4G5G,98.27,0.84,6.07,False
2024 A,2024,A,20241,OTE,αμφισβήτηση πώλησης,1,voice_2G3G,68.1,5.93,77.92,False
2024 A,2024,A,20241,OTE,αμφισβήτηση πώλησης,2,data_4G5G,80.59,0.08,72.76,False
2024 A,2024,A,20241,OTE,γενικού περιεχομένου,1,voice_2G3G,82.72,0.0,21.87,False
2024 A,2024,A,20241,OTE,γενικού περιεχομένου,2,data_4G5G,76.54,0.0,37.88,False
2024 A,2024,A,20241,OTE,ελλιπής ενημέρωση,1,voice_2G3G,82.54,0.82,38.98,False
2024 A,2024,A,20241,OTE,ελλιπής ενημέρωση,2,data_4G5G,90.64,0.0,22.94,False
2024 A,2024,A,20241,OTE,καθυστέρηση αποκατάστασης βλάβης,1,voice_2G3G,84.76,0.0,101.16,False
2024 A,2024,A,20241,OTE,καθυστέρηση αποκατάστασης βλάβης,2,data_4G5G,63.33,5.0,49.0,False
2024 A,2024,A,20241,OTE,καθυστέρηση επανασύνδεσης,1,voice_2G3G,99.68,0.0,0.01,False
2024 A,2024,A,20241,OTE,καθυστέρηση επανασύνδεσης,2,data_4G5G,90.76,0.0,55.28,False
2024 A,2024,A,20241,OTE,καρτοκινητή (αδυναμία ανανέωσης/δυσδιάκριτες κάρτες),2,data_4G5G,99.66,0.0,0.03,False
2024 A,2024,A,20241,OTE,λογαριασμοί (μη έκδοση/παραλαβή/πληρωμή),1,voice_2G3G,54.68,8.17,30.96,False
2024 A,2024,A,20241,OTE,λογαριασμοί (μη έκδοση/παραλαβή/πληρωμή),2,data_4G5G,77.45,0.15,113.16,False
2024 A,2024,A,20241,OTE,λοιπές καθυστερήσεις,1,voice_2G3G,69.98,2.98,74.21,False
2024 A,2024,A,20241,OTE,λοιπές καθυστερήσεις,2,data_4G5G,68.71,2.85,113.94,False
2024 A,2024,A,20241,OTE,ποιότητα διαδικτύου,1,voice_2G3G,69.37,0.0,97.16,False
2024 A,2024,A,20241,OTE,ποιότητα διαδικτύου,2,data_4G5G,75.62,4.76,21.0,False
2024 A,2024,A,20241,OTE,ποιότητα τηλεφωνίας,1,voice_2G3G,75.38,0.1,36.0,False
2024 A,2024,A,20241,OTE,ποιότητα τηλεφωνίας,2,data_4G5G,86.54,0.84,13.94,False
2024 A,2024,A,20241,OTE,χρεώσεις,1,voice_2G3G,96.38,0.0,5.0,False
2024 A,2024,A,20241,OTE,χρεώσεις,2,data_4G5G,71.92,0.0,21.21,False
2024 A,2024,A,20241,Vodafone,αμφισβήτηση πώλησης,1,voice_2G3G,97.57,1.99,7.39,False
2024 A,2024,A,20241,Vodafone,αμφισβήτηση πώλησης,2,data_4G5G,92.34,0.69,15.05,False
2024 A,2024,A,20241,Vodafone,γενικού περιεχομένου,1,voice_2G3G,98.39,0.03,6.73,False
2024 A,2024,A,20241,Vodafone,γενικού περιεχομένου,2,data_4G5G,81.33,0.0,25.03,False
2024 A,2024,A,20241,Vodafone,ελλιπής ενημέρωση,1,voice_2G3G,92.96,1.59,11.92,False
2024 A,2024,A,20241,Vodafone,ελλιπής ενημέρωση,2,data_4G5G,85.61,0.87,21.03,False
2024 A,2024,A,20241,Vodafone,εμπειρία εξυπηρέτησης,1,voice_2G3G,99.09,0.0,1.05,False
2024 A,2024,A,20241,Vodafone,λοιπές καθυστερήσεις,1,voice_2G3G,58.43,8.47,28.17,False
2024 A,2024,A,20241,Vodafone,λοιπές καθυστερήσεις,2,data_4G5G,75.47,0.99,24.16,False
2024 A,2024,A,20241,Vodafone,ποιότητα διαδικτύου,1,voice_2G3G,100.0,0.0,4.04,False
2024 A,2024,A,20241,Vodafone,ποιότητα διαδικτύου,2,data_4G5G,92.66,0.01,12.9,False
2024 A,2024,A,20241,Vodafone,ποιότητα τηλεφωνίας,2,data_4G5G,83.71,3.23,22.91,False
2024 A,2024,A,20241,Vodafone,χρεώσεις,1,voice_2G3G,97.4,0.0,5.77,False
2024 A,2024,A,20241,Vodafone,χρεώσεις,2,data_4G5G,97.1,0.0,5.69,False
2024 B,2024,B,20242,Nova,αμφισβήτηση πώλησης,0,unspecified,92.7,3.96,10.9,False
2024 B,2024,B,20242,Nova,αμφισβήτηση πώλησης,1,voice_2G3G,91.69,4.88,11.02,False
2024 B,2024,B,20242,Nova,αμφισβήτηση πώλησης,2,data_4G5G,95.33,1.8,9.91,False
2024 B,2024,B,20242,Nova,καθυστέρηση αποκατάστασης βλάβης,0,unspecified,99.7,0.0,0.0,False
2024 B,2024,B,20242,Nova,καθυστέρηση αποκατάστασης βλάβης,1,voice_2G3G,99.5,0.0,0.0,False
2024 B,2024,B,20242,Nova,καθυστέρηση αποκατάστασης βλάβης,2,data_4G5G,99.39,0.0,0.0,False
2024 B,2024,B,20242,Nova,ποιότητα διαδικτύου,0,unspecified,100.0,0.0,0.0,False
2024 B,2024,B,20242,Nova,ποιότητα διαδικτύου,1,voice_2G3G,100.0,0.0,0.0,False
2024 B,2024,B,20242,Nova,ποιότητα διαδικτύου,2,data_4G5G,100.0,0.0,0.0,False
2024 B,2024,B,20242,Nova,ποιότητα τηλεφωνίας,0,unspecified,100.0,0.0,0.0,False
2024 B,2024,B,20242,Nova,ποιότητα τηλεφωνίας,1,voice_2G3G,100.0,0.0,0.0,False
2024 B,2024,B,20242,Nova,ποιότητα τηλεφωνίας,2,data_4G5G,100.0,0.0,0.0,False
2024 B,2024,B,20242,Nova,χρεώσεις,0,unspecified,98.48,1.05,7.15,False
2024 B,2024,B,20242,Nova,χρεώσεις,1,voice_2G3G,97.81,1.68,7.61,False
2024 B,2024,B,20242,Nova,χρεώσεις,2,data_4G5G,98.0,1.96,7.73,False
2024 B,2024,B,20242,OTE,αμφισβήτηση πώλησης,1,voice_2G3G,75.95,4.7,35.14,False
2024 B,2024,B,20242,OTE,αμφισβήτηση πώλησης,2,data_4G5G,84.65,0.0,39.76,False
2024 B,2024,B,20242,OTE,γενικού περιεχομένου,1,voice_2G3G,88.41,0.0,20.2,False
2024 B,2024,B,20242,OTE,γενικού περιεχομένου,2,data_4G5G,89.24,0.0,21.6,False
2024 B,2024,B,20242,OTE,ελλιπής ενημέρωση,1,voice_2G3G,86.52,0.19,21.65,False
2024 B,2024,B,20242,OTE,ελλιπής ενημέρωση,2,data_4G5G,92.02,0.0,19.98,False
2024 B,2024,B,20242,OTE,καθυστέρηση αποκατάστασης βλάβης,1,voice_2G3G,83.45,0.0,74.67,False
2024 B,2024,B,20242,OTE,καθυστέρηση αποκατάστασης βλάβης,2,data_4G5G,61.11,1.0,94.0,False
2024 B,2024,B,20242,OTE,καθυστέρηση επανασύνδεσης,1,voice_2G3G,99.78,0.0,0.01,False
2024 B,2024,B,20242,OTE,καθυστέρηση επανασύνδεσης,2,data_4G5G,93.96,0.0,11.9,False
2024 B,2024,B,20242,OTE,καρτοκινητή (αδυναμία ανανέωσης/δυσδιάκριτες κάρτες),2,data_4G5G,98.39,0.0,0.01,False
2024 B,2024,B,20242,OTE,λογαριασμοί (μη έκδοση/παραλαβή/πληρωμή),1,voice_2G3G,60.15,6.6,28.06,False
2024 B,2024,B,20242,OTE,λογαριασμοί (μη έκδοση/παραλαβή/πληρωμή),2,data_4G5G,84.83,1.74,134.27,False
2024 B,2024,B,20242,OTE,λοιπές καθυστερήσεις,1,voice_2G3G,70.98,2.17,63.45,False
2024 B,2024,B,20242,OTE,λοιπές καθυστερήσεις,2,data_4G5G,67.72,3.05,80.31,False
2024 B,2024,B,20242,OTE,ποιότητα διαδικτύου,1,voice_2G3G,72.49,0.0,71.82,False
2024 B,2024,B,20242,OTE,ποιότητα διαδικτύου,2,data_4G5G,50.83,9.97,41.0,False
2024 B,2024,B,20242,OTE,ποιότητα τηλεφωνίας,1,voice_2G3G,77.92,0.69,42.0,False
2024 B,2024,B,20242,OTE,ποιότητα τηλεφωνίας,2,data_4G5G,80.44,0.7,30.76,False
2024 B,2024,B,20242,OTE,χρεώσεις,1,voice_2G3G,96.23,0.0,5.84,False
2024 B,2024,B,20242,OTE,χρεώσεις,2,data_4G5G,73.18,0.93,29.87,False
2024 B,2024,B,20242,Vodafone,αμφισβήτηση πώλησης,1,voice_2G3G,95.75,2.47,9.86,False
2024 B,2024,B,20242,Vodafone,αμφισβήτηση πώλησης,2,data_4G5G,91.89,0.99,15.82,False
2024 B,2024,B,20242,Vodafone,γενικού περιεχομένου,1,voice_2G3G,97.73,0.07,4.91,False
2024 B,2024,B,20242,Vodafone,γενικού περιεχομένου,2,data_4G5G,76.01,0.0,24.01,False
2024 B,2024,B,20242,Vodafone,ελλιπής ενημέρωση,1,voice_2G3G,96.05,0.0,9.09,False
2024 B,2024,B,20242,Vodafone,ελλιπής ενημέρωση,2,data_4G5G,81.88,0.96,36.98,False
2024 B,2024,B,20242,Vodafone,εμπειρία εξυπηρέτησης,1,voice_2G3G,99.72,0.0,0.0,False
2024 B,2024,B,20242,Vodafone,λοιπές καθυστερήσεις,1,voice_2G3G,82.4,5.69,16.6,False
2024 B,2024,B,20242,Vodafone,λοιπές καθυστερήσεις,2,data_4G5G,82.6,4.1,17.98,False
2024 B,2024,B,20242,Vodafone,ποιότητα διαδικτύου,1,voice_2G3G,100.0,0.0,4.88,False
2024 B,2024,B,20242,Vodafone,ποιότητα διαδικτύου,2,data_4G5G,95.42,0.01,10.49,False
2024 B,2024,B,20242,Vodafone,ποιότητα τηλεφωνίας,2,data_4G5G,82.41,3.92,26.72,False
2024 B,2024,B,20242,Vodafone,χρεώσεις,1,voice_2G3G,98.12,0.0,4.8,False
2024 B,2024,B,20242,Vodafone,χρεώσεις,2,data_4G5G,97.15,0.0,6.07,False
